x,y,theta
0.0,0.0,0.0
0.0,0.0,0.0
0.0,0.0,0.0
0.0,0.0,0.0
0.0,0.0,0.0
0.0,0.0,0.0
0.0,0.0,0.0
0.0,0.0,0.0
0.0,0.0,0.0
0.0,0.0,0.0
0.0,0.0,0.0
0.0,0.0,0.0
0.0,0.0,0.0010471975511965326
0.0,0.0,0.0010471975511965326
0.0,0.0,0.0
0.0,0.0,0.0
0.0,0.0,0.0
0.0,0.0,0.0
0.0,0.0,0.0
0.0,0.0,0.0
0.0,0.0,0.0010471975511965326
0.0,0.0,0.0010471975511965326
0.0,0.0,0.0
0.0,0.0,0.0
0.0,0.0,0.0
0.0,0.0,0.0
0.0,0.0,0.0
0.0,0.0,0.0
0.0,0.0,0.0010471975511965326
0.0,0.0,0.0010471975511965326
0.0,0.0,0.0
0.0,0.0,0.0
0.0,0.0,0.0
0.0,0.0,0.0
0.0,0.0,0.0
0.0,0.0,0.0
0.0,0.0,0.0
0.0,0.0,0.0
0.0,0.0,0.0010471975511965326
0.0,0.0,0.0010471975511965326
0.0,0.0,0.0010471975511965326
0.0,0.0,0.0010471975511965326
0.0,0.0,0.0
0.0,0.0,0.0
0.0,0.0,0.0
0.0,0.0,0.0010471975511965326
0.0,0.0,0.0010471975511965326
0.0,0.0,0.0
0.0,0.0,0.0
0.0,0.0,6.282138109628389
0.0,0.0,6.282138109628389
0.0,0.0,6.275505858470811
0.0,0.0,6.275505858470811
0.0,0.0,6.270095337789629
0.0,0.0,6.270095337789629
0.0,0.0,6.258052565950868
0.0,0.0,6.24496259656091
0.0,0.0,6.24496259656091
0.0,0.0,6.2297782320685595
0.0,0.0,6.224193178462178
0.0,0.0,6.224193178462178
0.0,0.0,6.227509304040967
0.0,0.0,6.227509304040967
0.0,0.0,6.2297782320685595
0.0,0.0,6.228556501592164
0.0,0.0,6.228556501592164
0.0,0.0,6.228556501592164
0.0,0.0,6.223145980910981
0.0,0.0,6.223145980910981
0.0,0.0,6.242868201458517
0.0,0.0,6.251594847718488
0.0,0.0,6.251594847718488
0.0,0.0,6.251594847718488
0.0,0.0,6.26032149397846
0.0,0.0,6.26032149397846
0.0,0.0,6.265732014659642
0.0,0.0,6.265732014659642
0.0,0.0,6.271142535340825
0.0,0.0,6.271142535340825
0.0,0.0,6.276553056022007
0.0,0.0,6.276553056022007
0.0,0.0,0.004363323129985552
0.0004986766709265375,5.48345737061178e-06,0.010995574287563592
0.0009892959045332468,1.3533325357644537e-05,0.016406094968746565
0.0010274219858072199,1.4405184885950328e-05,0.022863813201125183
0.0010665360387426145,1.5559230208071516e-05,0.029496064358703222
0.001105234470508833,1.670101278496263e-05,0.029496064358703222
0.0011437289392805224,1.7836777510926593e-05,0.029496064358703222
0.00250650996961894,7.280995334526714e-05,0.04031710572106828
0.003854404540374108,0.00013166030124570064,0.0436332312998573
0.010466943681119417,0.0004492833329688174,0.04799655442984374
0.017049614809515962,0.000765471701178897,0.04799655442984374
0.027661618137547743,0.001356916882112549,0.05567600313861831
0.038215903224630324,0.0019451452175170258,0.05567600313861831
0.05753096077699764,0.0031908087870269773,0.0644026493985903
0.07590917532658033,0.004376053629036109,0.0644026493985903
0.0994646175864838,0.005998424598017274,0.06876597252857586
0.12238823054177335,0.007726083312039327,0.07522369076095536
0.1481933562476694,0.009983739272166637,0.08726646259971638
0.17393683423171458,0.01257597119816633,0.10035643198967303
0.19946684126912445,0.015146707730129355,0.10035643198967303
0.22524157936405362,0.017742087383778516,0.10035643198967303
0.25283568116223787,0.02152691571143294,0.13631021458075665
0.2806320700586423,0.025339489893808877,0.13631021458075665
0.30841159574191385,0.029679713394734415,0.1549852375770957
0.3353153688145376,0.03388311087116022,0.1549852375770957
0.36281149627035947,0.03867206361273671,0.1724385300970388
0.3906425112190315,0.043519343127040776,0.1724385300970388
0.41778252375276115,0.0487358614653639,0.18989182261698279
0.4459352927088135,0.054147039347146514,0.18989182261698279
0.4704730250404817,0.05936269536274524,0.20943951023931895
0.4965223977613242,0.06519974260714323,0.22043508452688343
0.5223438246790088,0.07130842799751043,0.23230332344044502
0.5481726713391261,0.07741886870807521,0.23230332344044502
0.5738410358884846,0.08426788459640713,0.2607521902479526
0.599239526331381,0.09104489075309238,0.2607521902479526
0.6240399588338941,0.09848065923324985,0.29129545215785324
0.6487181070134799,0.10626164946604932,0.3054326190990073
0.6734119831793491,0.11455286936765575,0.32393310917014695
0.6986732984683118,0.12303461272207049,0.32393310917014695
0.7238879252986593,0.1324920829932756,0.35883969421003314
0.7494407587492203,0.14207640737490304,0.35883969421003314
0.7730386629693494,0.15190893274605005,0.39479347680111676
0.7970566943447763,0.1619165122607786,0.39479347680111676
0.820037722801708,0.1725693285372788,0.4340633849709894
0.8434725077301709,0.18343248284693336,0.4340633849709894
0.8679495176432123,0.1958342682178948,0.4689699700108756
0.8917921904436904,0.20847963322153765,0.48764499300721553
0.914667007117101,0.2210603696397995,0.5028293574995661
0.9375726786925936,0.23425300225213153,0.5225515780471017
0.9610015220823173,0.2482582196650372,0.5387831400906489
0.9842545291062763,0.26264761702663736,0.5541420375081989
1.0073944541445476,0.27696703713218523,0.5541420375081989
1.0298143331651277,0.2913548185240606,0.5705481324769455
1.0521592086252625,0.30569446696970953,0.5705481324769455
1.074706620155184,0.3212663147631735,0.604407519965636
1.0969542056938808,0.33663109467686425,0.604407519965636
1.1178983995779537,0.35288293239969687,0.6599089901790558
1.1391789407857154,0.36939576188728085,0.6599089901790558
1.1590558087837988,0.38622277274207173,0.7024950239277175
1.1789583813971494,0.4030715441599535,0.7024950239277175
1.198812373353328,0.42142438554570355,0.7461282552275756
1.2165834935214332,0.43858575680779044,0.7679448708775043
1.234304425368456,0.4556986617715816,0.7679448708775043
1.2520400833765348,0.4728257876238003,0.7679448708775043
1.2683770741136904,0.49096985399113385,0.8377580409572776
1.2846485617215517,0.5090411717633129,0.8377580409572776
1.30065753934115,0.5286771137986283,0.8868017929383178
1.3167067402471522,0.5483623920338602,0.8868017929383178
1.3315638745212277,0.5685805326154969,0.937067275395755
1.3462614369218362,0.5896725206884459,0.9622000166244735
1.3610157020308604,0.6108458809520352,0.9622000166244735
1.3739298272180245,0.6314647233184393,1.0112437686055138
1.3864368478296696,0.6525961019021179,1.0363765098342324
1.3989443785705824,0.6737283423804892,1.0363765098342324
1.4107377042981517,0.6959083621907786,1.0821041362364836
1.422530217035485,0.7180868529888149,1.0821041362364836
1.43278418624071,0.7398283786597747,1.1301006906663282
1.4427346800502232,0.7623785080185131,1.155233431895046
1.4522036260494657,0.7854547111603742,1.181413370674961
1.4616254410829765,0.8084160542386561,1.181413370674961
1.469091004070409,0.8292780352331353,1.2271409970772122
1.4763740898269107,0.851364687763851,1.2522737383059308
1.4831512275990448,0.8736989004194539,1.2761847490582534
1.4899614378397055,0.8961421041521093,1.2761847490582534
1.4955526731491964,0.918567324126328,1.3264502315156896
1.5011375216127882,0.9409669278607894,1.3264502315156896
1.505713280868984,0.9640973878730719,1.3754939834967308
1.5095125254988109,0.9862076892301269,1.4006267247254485
1.512814320960236,1.0084598966008456,1.4234905379265745
1.51530310716965,1.0287294336754789,1.448623279155293
1.5172414470416602,1.048641280485605,1.4737560203840108
1.5187660220492332,1.069755172221624,1.4987142286875308
1.520307726982375,1.091106296886238,1.4987142286875308
1.5206993125166364,1.1122701069251344,1.552295836723756
1.5210899221805305,1.1333811746299312,1.552295836723756
1.5203684762708616,1.156994289509867,1.6013395887047963
1.5196542417208383,1.180371374686851,1.6013395887047963
1.5189317583419382,1.204018446208315,1.6013395887047963
1.5182167970408889,1.2274193181380382,1.6013395887047963
1.514705442668499,1.2543082612274536,1.7006488231432737
1.511169492465616,1.2813855521212276,1.7006488231432737
1.5064929481194804,1.3080709335868108,1.7442820544431328
1.5017549872414253,1.3351067711715403,1.7442820544431328
1.4954065824847105,1.36346140594337,1.7910568783965806
1.4889473291817974,1.3923111367531633,1.7910568783965806
1.4811756549142057,1.4204492790120253,1.8402751633028203
1.4727877030379577,1.448214001754279,1.8641861740551429
1.462759631657538,1.4787325049548146,1.888271717732664
1.4528309622019837,1.5089484975481686,1.888271717732664
1.4416182406863167,1.5376928165820882,1.9427259903948872
1.4305626663593394,1.566034281686151,1.9427259903948872
1.4174926223782476,1.5947138756801758,1.9984019935335073
1.4045447292364415,1.6231254341203947,1.9984019935335073
1.3903370928678638,1.6502790460374415,2.0528562661957306
1.374919936579407,1.6778083594600133,2.0813051330032373
1.359330526353468,1.7037534950409887,2.111848394913139
1.3434853299582894,1.730124330295299,2.111848394913139
1.3254824548809583,1.7566247043796175,2.167524398051757
1.307272102537648,1.7834304866356212,2.167524398051757
1.2891541890480045,1.8073692892297593,2.2186625451351913
1.2707346320985984,1.8317066467259948,2.2186625451351913
1.2509386108040434,1.8551403693711452,2.2722441531714175
1.2310242442686914,1.8787141842857444,2.2722441531714175
1.2091888869164489,1.9017721606874725,2.3289673538612328
1.1872514282342967,1.9249379553409314,2.3289673538612328
1.1651268407678008,1.9459774818301092,2.3813272314210625
1.142169661701972,1.966561320136439,2.4106487628545676
1.1186085829383812,1.987686626264069,2.4106487628545676
1.0956327617755137,2.0082871794250434,2.4106487628545676
1.0717086622196916,2.026479487464933,2.491457507221905
1.0468326947425108,2.044348100783939,2.5186846435530166
1.0224629343197762,2.0618531013862316,2.5186846435530166
0.995844999136101,2.0787714351745725,2.5754078442428323
0.9703682801431583,2.0940068610356493,2.602634980573944
0.9442355000033849,2.1086778912585604,2.6300366498302545
0.9186688047041595,2.123031119557605,2.6300366498302545
0.8906484367449967,2.136964941763007,2.680127599362492
0.8623226571136725,2.1501373747151438,2.706307538142407
0.8345363681381542,2.1621500618666114,2.7335346744735185
0.8063561364261169,2.1735013015903175,2.7586674157022366
0.777782668783172,2.1841163269258903,2.7858945520333482
0.7488825186074949,2.1940336065176416,2.811027293262067
0.7196543215541227,2.203249221649686,2.836160034490785
0.6901584005549684,2.21164022539919,2.864434368373093
0.6604129377800698,2.219161460880646,2.893930432731797
0.6302868072540608,2.225912012959411,2.921157569062909
0.6002616605296943,2.2326399369608163,2.921157569062909
0.5685424929381525,2.237913764786717,2.976833572201528
0.5373247878361384,2.2431042163126786,2.976833572201528
0.5047735968007439,2.2467439123814352,3.0302406473125547
0.4718375258356325,2.249445963126838,3.059736711671259
0.4386716633267061,2.252166865799446,3.059736711671259
0.40658576172665145,2.2529734422945418,3.1164599123610746
0.37292991230221295,2.252938197958558,3.142639851140989
0.3397395727953704,2.252903441103598,3.142639851140989
0.3052088178176864,2.2510937609182506,3.1939525311496224
0.2712122509537722,2.248382348480815,3.221179667480734
0.23713917105924107,2.245664833710057,3.221179667480734
0.20253759582959216,2.241035704032304,3.2745867425917607
0.16857767338758856,2.2356205198005514,3.299719483820479
0.1358821061704338,2.2295607545990292,3.3248522250491974
0.10170415888875306,2.2222585911843793,3.352079361380309
0.06753076187858499,2.214957399941226,3.352079361380309
0.034732492936887835,2.2061691302651596,3.4033920413889422
0.0023774930302241024,2.196621986220692,3.4285247826176604
-0.03035799484298015,2.1869625697783195,3.4285247826176604
-0.06170770956746471,2.1759779128708816,3.4786157321498976
-0.09316863979672318,2.1640207428568776,3.5047956709298127
-0.12406566862367611,2.1522778915197014,3.5047956709298127
-0.15539014952011493,2.13853392590085,3.5550611533872494
-0.18577003450678384,2.124205841946389,3.582288289718361
-0.21473587456612225,2.1096881810748704,3.606199300470683
-0.24344938591742646,2.095296987193568,3.606199300470683
-0.27231764474932235,2.0808282339720447,3.606199300470683
-0.30109519733583373,2.0634067927239617,3.685960847286824
-0.32904036079261745,2.0454732034121124,3.712140786066739
-0.3565835463516156,2.0267197158768604,3.7393679223978507
-0.38245276239187165,2.0081376438946075,3.7645006636265688
-0.4087319231587609,1.9892611052224018,3.7645006636265688
-0.43443139565789163,1.9686793086169252,3.8168605411863985
-0.45921232183320426,1.947841381711071,3.840771551938721
-0.48425067414685236,1.9267869888419857,3.840771551938721
-0.5084227715901928,1.9041987723189735,3.893131429498551
-0.5316279861906616,1.8813472549821113,3.919311368278466
-0.5553503832775951,1.857986438129634,3.919311368278466
-0.577508018401405,1.833754726738034,3.9716712458382957
-0.6000466195097763,1.809106388854648,3.9716712458382957
-0.6227882651322396,1.7842360003761675,3.9716712458382957
-0.6429951008651513,1.7581948908972604,4.052479990205633
-0.6623744475706884,1.7314036896176528,4.086164844769124
-0.6804077815444044,1.7050469381599673,4.112344783549039
-0.6981207042550616,1.6774456302544922,4.141840847907743
-0.7154029075788747,1.6491105998179691,4.1647046611088685
-0.7313654996742784,1.6211138440452313,4.194200725467573
-0.7476246987007404,1.5925968700172308,4.194200725467573
-0.7621844138182735,1.563710924551491,4.245513405476206
-0.776052842731221,1.534305647707761,4.271693344256121
-0.7892982401256933,1.5040313490563548,4.2999676781384295
-0.801977975455246,1.4727422793524947,4.32736934739474
-0.8128598013445402,1.4433406531288462,4.357912609304641
-0.8230645266198828,1.4132785018701994,4.385139745635753
-0.832644416448906,1.3821965004161858,4.413414079518061
-0.8415194960305911,1.3501939973136472,4.4418629463255686
-0.849090097004468,1.3192555047185353,4.472406208235469
-0.8558109569580452,1.2881440086339147,4.499633344566581
-0.8620086816907507,1.2560802495093206,4.5214499602165095
-0.8677092696303494,1.2235514520711028,4.538903252736453
-0.8734505754065813,1.1907903097810908,4.538903252736453
-0.8778805795931461,1.1592691921219724,4.572762640225143
-0.8820922633359097,1.126437323777933,4.584805412063904
-0.8861713975615597,1.093500621836955,4.58916873519389
-0.8902203119815,1.0608079277364433,4.58916873519389
-0.89451366672269,1.026485346580312,4.587947004717494
-0.8988404999660745,0.9933517005565493,4.582536484036311
-0.9034984339302213,0.9599550553820545,4.57380983777634
-0.9084385872266565,0.927405093007843,4.561767065937579
-0.9135839107154241,0.8956017370771882,4.55199322212641
-0.9188545057329175,0.8645390287292394,4.5443137734176355
-0.9240197150656273,0.8330314578733177,4.549898827024017
-0.9284627475939716,0.8011756217901982,4.57380983777634
-0.9328352094616944,0.7698257661118352,4.57380983777634
-0.9373432724437105,0.7375036720260195,4.57380983777634
-0.9402193994700668,0.7042280847657288,4.62616971533617
-0.9430966407875342,0.6709396056231396,4.62616971533617
-0.9435110247833277,0.6365319153777814,4.700346208545929
-0.943925805583396,0.6020912771452589,4.700346208545929
-0.9446235627838167,0.5667166230359756,4.692666759837153
-0.9453308749605653,0.530857554029328,4.692666759837153
-0.9468227224786375,0.4966886282413944,4.668755749084831
-0.9483283649671239,0.46220374568534767,4.668755749084831
-0.9504808104050776,0.42760619112799586,4.650255259013691
-0.9526443941523686,0.3928296038025294,4.650255259013691
-0.9544794266489459,0.35850292585587046,4.658981905273663
-0.9563130580262631,0.3242024576737245,4.658981905273663
-0.95745178471454,0.2881679117268469,4.680798520923592
-0.9586120579895485,0.2514515327487662,4.680798520923592
-0.9601085791843442,0.21717556216490858,4.668755749084831
-0.9616384828978793,0.18213500619842773,4.668755749084831
-0.9634316622277247,0.14721955752576857,4.661076300376056
-0.9651949897592706,0.11288536077474473,4.661076300376056
-0.9666514386845312,0.07581626027633742,4.673119072214817
-0.967409034632287,0.03934499244293267,4.691619562285957
-0.968168676306916,0.002775241700626284,4.691619562285957
-0.9689162666038069,-0.0332143461902912,4.691619562285957
-0.96920116666981,-0.07031264272509738,4.704709531675914
-0.9694896246558031,-0.10787423424150164,4.704709531675914
-0.9700183374604519,-0.14527052330160656,4.698251813443535
-0.9705506944765412,-0.1829245704171815,4.698251813443535
-0.9713018166081523,-0.22100470141912887,4.692666759837153
-0.9720480168780247,-0.2588353055706525,4.692666759837153
-0.972492731020457,-0.2957614094160467,4.700346208545929
-0.9729436034589403,-0.33319885719632164,4.700346208545929
-0.972329300103329,-0.3706391036721086,4.728795075353436
-0.9718387932222208,-0.4081089288871388,4.725478949774646
-0.9717999705538926,-0.44518183274625034,4.713436177935886
-0.9717607586978269,-0.4826263833827093,4.713436177935886
-0.9714668353914702,-0.5208996422509476,4.720068429093464
-0.9708552317868924,-0.5581753456826561,4.728795075353436
-0.9704863325093561,-0.5959176646565276,4.722162824195857
-0.9701220835478555,-0.6331842068484177,4.722162824195857
-0.9701220835478555,-0.6678885589127304,4.71238898038469
-0.9699644691977144,-0.7040108778867745,4.716752303514675
-0.9691642253956718,-0.7406855321157897,4.734205596034618
-0.9683683036103736,-0.7771621111216449,4.734205596034618
-0.9675787170414732,-0.8133483512704378,4.734205596034618
-0.9671123816788075,-0.8489717139665902,4.725478949774646
-0.9666533636628605,-0.8840361044787668,4.725478949774646
-0.9659270285172784,-0.9190024525826709,4.733158398483422
-0.965246322147114,-0.9538208760740032,4.731936668007026
-0.9644994510898477,-0.988049492039522,4.734205596034618
-0.9637326875667953,-1.023189766805274,4.734205596034618
-0.9620487756654247,-1.0590299695587844,4.759338337263337
-0.9603578275202341,-1.0950199309813342,4.759338337263337
-0.9577679031410689,-1.1309752428813777,4.784296545566856
-0.95463248024942,-1.1672507748981775,4.7986082454332095
-0.9515265145896941,-1.2031854990569408,4.7986082454332095
-0.9484221720725309,-1.2391014441348462,4.7986082454332095
-0.9437725941256551,-1.2738558650118696,4.845383069386657
-0.9389688360593934,-1.3097627433422852,4.845383069386657
-0.933329827320882,-1.3441604716706745,4.874879133745361
-0.9276073323477524,-1.3790674626994284,4.874879133745361
-0.9197072989731686,-1.4150887950433377,4.928286208856388
-0.9107896288135735,-1.4510158516227207,4.955687878112699
-0.9019358012940881,-1.4866857022164206,4.955687878112699
-0.8930802529210686,-1.52236248569743,4.955687878112699
-0.8815110283332862,-1.5563274270436744,5.040685412684823
-0.8698098207983865,-1.5906798440606975,5.040685412684823
-0.8554645428798596,-1.6255358874952701,5.102819134055821
-0.8411066928115806,-1.6604224786404076,5.102819134055821
-0.8250097650572918,-1.6937948638596907,5.161811262773229
-0.8091469066357571,-1.7266819731269458,5.161811262773229
-0.7914723310677965,-1.7588186193816568,5.215218337884256
-0.7741907661800775,-1.7902406773195685,5.215218337884256
-0.7546117335224846,-1.8214281408394057,5.272988736125268
-0.734187887481704,-1.8522151090160306,5.298121477353987
-0.71336691422065,-1.8818843648334573,5.324301416133901
-0.6920652956494885,-1.9122385256495231,5.324301416133901
-0.6703426301174518,-1.9396064370262247,5.383293544851309
-0.6471389528682103,-1.9670740038122774,5.413836806761211
-0.6225992822627224,-1.9943855311454006,5.444380068671111
-0.5971626841989908,-2.0210127132208426,5.474923330581012
-0.5718682001111524,-2.047491129541442,5.474923330581012
-0.5451323705417016,-2.0726945123163936,5.527283208140842
-0.5172680578637726,-2.0975643622343214,5.554510344471953
-0.48819472074141596,-2.1235133077261312,5.554510344471953
-0.46007000364013606,-2.1486155774780435,5.554510344471953
-0.43067080517384193,-2.1710767052446807,5.630781232784106
-0.40148661032117733,-2.193373569225638,5.630781232784106
-0.37044226080141096,-2.2144158883499285,5.687504433473921
-0.3380642029040166,-2.2349477783288076,5.718047695383822
-0.30497048992373627,-2.2546364685840667,5.7464965621913295
-0.27197323476940266,-2.2742677724632823,5.7464965621913295
-0.23939445365015935,-2.291183874440135,5.804266960432342
-0.2067454357888292,-2.3081364459180205,5.804266960432342
-0.173417277955071,-2.323282832918385,5.856626837992172
-0.13990395902072955,-2.3385133686347044,5.856626837992172
-0.10433953234705737,-2.352208020954103,5.91561896670958
-0.06838009075425357,-2.364984321597046,5.941798905489495
-0.032107439726526216,-2.3766860877936566,5.971120436923
0.004823434103236483,-2.3874924282351087,5.998522106179311
0.04148803427708869,-2.3982208543604893,5.998522106179311
0.07816019571271743,-2.4089514929861564,5.998522106179311
0.1146436961043148,-2.416248237782047,6.085788568779027
0.15108872600696222,-2.4235372884329944,6.085788568779027
0.18719449963532891,-2.428650186373858,6.142511769468843
0.2233400293036191,-2.433768714122761,6.142511769468843
0.25953512223229164,-2.436814462869624,6.199234970158659
0.2956063096944094,-2.4398497852053644,6.199234970158659
0.33299206049848173,-2.440789589491557,6.258052565950868
0.3698274143941793,-2.4411946316854163,6.272189732892022
0.40656680783586097,-2.4415986186964496,6.272189732892022
0.4429428235384133,-2.441998609999526,6.272189732892022
0.48048017654951114,-2.442902892423898,6.259099763502064
0.5177524497558296,-2.444041663364771,6.252642045269685
0.5546584964334094,-2.445291757263187,6.249325919690896
0.5913813837797024,-2.4465356471277633,6.249325919690896
0.6268651220408358,-2.4473904575575522,6.259099763502064
0.6626546892257986,-2.448252635467957,6.259099763502064
0.6965060128306019,-2.4473307330466234,0.027227136331110735
0.7307957620127351,-2.4463968906017315,0.027227136331110735
0.7650156082140938,-2.4454649518852722,0.027227136331110735
0.7991236172965582,-2.4445360589259573,0.027227136331110735
0.8353518243340942,-2.440087794432554,0.12217304763960257
0.8710421981735557,-2.4357055675522155,0.12217304763960257
0.9066151574658847,-2.4316902718031495,0.11239920382843405
0.9439046255826461,-2.4278565122911293,0.10245082709206699
0.9813394670705782,-2.4240078068286124,0.10245082709206699
1.0186592923551108,-2.4209067684836816,0.08290313946972994
1.0552730517550275,-2.4178643996894666,0.08290313946972994
1.0913661550020983,-2.4156947865110214,0.060039326268604754
1.1274780448589772,-2.413524044039926,0.060039326268604754
1.1649193592509617,-2.412177306814722,0.03595378259108273
1.2021326604411247,-2.4108387710608525,0.03595378259108273
1.2391321257598216,-2.4102316998516446,0.016406094968746565
1.2765518511682177,-2.409617733196823,0.016406094968746565
1.3135833956684873,-2.40997968525445,6.273411463368418
1.3505012327904742,-2.4103405259185315,6.273411463368418
1.387436531460881,-2.411430287921005,6.253689242820882
1.4246060135165843,-2.412526959415593,6.253689242820882
1.4609021039244787,-2.4131605100303033,6.265732014659642
1.497150529281426,-2.4137932286484545,6.265732014659642
1.5334058883829742,-2.412489149384462,0.03595378259108273
1.5692137677003877,-2.4102237595127467,0.06318091892219435
1.6068525280069632,-2.40676524329419,0.09162978572970193
1.644909521334157,-2.4032682968597294,0.09162978572970193
1.682538099232391,-2.398901210620245,0.11554079648202364
1.7201052902122937,-2.394541248805369,0.11554079648202364
1.755456390491104,-2.3899687632507645,0.1286307658719812
1.7913248186004709,-2.385329363964662,0.1286307658719812
1.828442503184615,-2.3800731704529743,0.1406735377107422
1.8655962037190805,-2.374811876763123,0.1406735377107422
1.9007276261117834,-2.369523833350697,0.1494001839707142
1.9354231104639263,-2.3643014080979294,0.1494001839707142
1.9705956902567794,-2.358295566879888,0.16912240451824978
2.006739787077999,-2.352123835725784,0.16912240451824978
2.0415289176789444,-2.3442901465112524,0.22148228207807996
2.0766692803702367,-2.336377368138975,0.22148228207807996
2.1119124570369134,-2.3264775947198078,0.27384215963791014
2.1469642956287536,-2.316631567976352,0.27384215963791014
2.182261576863628,-2.3046909633708177,0.32620203719773944
2.217794918597543,-2.2926705026125314,0.32620203719773944
2.2529462338963553,-2.2796606612536987,0.3544763710800476
2.2875635547567637,-2.2657656377814543,0.3817035074111592
2.3216393066842778,-2.2497380697371554,0.4396484385773709
2.356442538586067,-2.2333683306730254,0.4396484385773709
2.389977282346317,-2.2151604504124833,0.49741883681838317
2.4236527140303594,-2.1957179308646246,0.5235987755982983
2.4565251197831963,-2.1754234442140605,0.5530948399570024
2.489215200874754,-2.1552415196142394,0.5530948399570024
2.5216951494791697,-2.135189324824497,0.5530948399570024
2.551683398460333,-2.1124352532856805,0.6490879488166907
2.582373348666708,-2.0891487545322116,0.6490879488166907
2.613349892684029,-2.062514128199278,0.710174472636492
2.644677471675632,-2.035577670733583,0.710174472636492
2.6724847304027133,-2.0080696991246416,0.7799876427162653
2.7006893153128515,-1.9801686777199514,0.7799876427162653
2.7270239908230383,-1.9502030950604683,0.8498008127960386
2.752776493711407,-1.920899952377298,0.8498008127960386
2.776689648745344,-1.8899487822014096,0.9129817317182329
2.800419097417185,-1.8573598194122356,0.9414305985257405
2.822853720520863,-1.8244842188284187,0.9719738604356412
2.844557746820475,-1.7906637408378674,1.0002481943179493
2.865806124264223,-1.7556474985326815,1.0253809355466679
2.885523516004742,-1.720711815586096,1.056971395007766
2.9047604708746064,-1.6844407850142142,1.0831513337876801
2.923903702587474,-1.6483464682473863,1.0831513337876801
2.939663399704843,-1.613764969099501,1.1431906600562858
2.9554861003202753,-1.5790452213927533,1.1431906600562858
2.9698984386484564,-1.5423447093594547,1.1965977351673116
2.984254276868489,-1.5057880728619484,1.1965977351673116
2.996864268469612,-1.4678368144786234,1.2500048102783383
3.0080780332015635,-1.4307184483657789,1.2774064795346494
3.0193090123958637,-1.39354310114702,1.2774064795346494
3.030502947529387,-1.3564903724282098,1.2774064795346494
3.0386882352715343,-1.317782347635145,1.3624040141067733
3.04571768151913,-1.2786751665826774,1.392947276016674
3.051678710278706,-1.2396741451009399,1.419127214796589
3.0567998258190263,-1.2004581134179073,1.4409438304465176
3.060838426695228,-1.1616424264818856,1.4671237692264327
3.0648814319853335,-1.1227844079670646,1.4671237692264327
3.0668705220764503,-1.0848303080542578,1.5184364492350664
3.0679083077223694,-1.0467238697593984,1.543569190463785
3.0679483719182308,-1.0084653948704956,1.5697491292436991
3.0670380432752937,-0.9704011258021289,1.5947073375472183
3.0651251375970996,-0.933900711085773,1.6231562043547259
3.062057810341147,-0.8974491833009508,1.654746663815823
3.057589224940859,-0.8582289125980691,1.684242728174528
3.0519713959316372,-0.8185574650479969,1.7114698645056388
3.0458460757472277,-0.7784815396113163,1.7224654387932032
3.0397707568097037,-0.7387327556434231,1.7224654387932032
3.0346120327569763,-0.6963514584451724,1.6919221768833026
3.0312283591458384,-0.6520736230009283,1.6470672151070485
3.0300237687504756,-0.6078422831746679,1.5980234631260082
3.0301287256406195,-0.5615840022771761,1.5685273987673032
3.0302336922333266,-0.5153214451106904,1.5685273987673032
3.030965427160881,-0.4707240392975395,1.554390231826149
3.0315030420841773,-0.42608407264864395,1.5587535549561355
3.032041957348985,-0.3813361342913881,1.5587535549561355
3.0297754295143786,-0.33414968204132056,1.6187928812247403
3.0259425787026406,-0.28742996497128936,1.65265226871343
3.0204603627619955,-0.2406916877066333,1.6875588537533162
3.0136756484560614,-0.19593552457053695,1.7212437083168073
3.0067508692160723,-0.15025540668033568,1.7212437083168073
2.9994823220370477,-0.10562485329256399,1.7322392826043718
2.9928572067625168,-0.06097537676801307,1.7181021156632177
2.986165281701697,-0.015875640608585734,1.7181021156632177
2.980704386665726,0.028599780371168504,1.6929693744344991
2.9758049025396485,0.07377372991375167,1.678832207493345
2.970947858302223,0.11855637756837763,1.678832207493345
2.967180694706913,0.16060085834270557,1.660157184497006
2.9634776813531833,0.20192937244062703,1.660157184497006
2.959690340661568,0.2441990453299834,1.660157184497006
2.9558572996930947,0.2854397128431517,1.663473310075795
2.9520782002943218,0.3270454752827324,1.661378914973402
2.9490347751307424,0.37056848282436067,1.640609496874669
2.9465620350546957,0.4133237464629779,1.628566725035908
2.944028404505532,0.4571318454790074,1.628566725035908
2.942540951179887,0.5010453642447095,1.6046557142835862
2.9415461800007408,0.5466350819520697,1.5926129424448252
2.941167174646323,0.5900647939066149,1.5795229730548677
2.9412660270344273,0.6336326009372879,1.5685273987673032
2.9413649986403723,0.6772529515632273,1.5685273987673032
2.9424350995214583,0.7198219475374651,1.545663585566178
2.9434883440132733,0.761720390314613,1.545663585566178
2.9445602293380446,0.8043603720972083,1.545663585566178
2.944984333369034,0.8477507243977271,1.561022482983728
2.9452751575199536,0.8916000720566911,1.5641640756373176
2.9455659835114427,0.9354496972296342,1.5641640756373176
2.9459900788043907,0.9788391555355973,1.561022482983728
2.946467531993384,1.022259711348908,1.559800752507332
2.947036949916332,1.065757551784818,1.557706357404939
2.947845099355666,1.1094351642618987,1.552295836723756
2.9486487949678666,1.1528720631702951,1.552295836723756
2.9505793089939543,1.1960504580537503,1.526115897943841
2.9528336260429153,1.239944835991781,1.519483646786263
2.955287601252399,1.2814949195807377,1.5118041980774883
2.9577711289923196,1.3235453790924632,1.5118041980774883
2.960928572370895,1.3654402332967435,1.4955726360339403
2.964119409860164,1.4077781806086547,1.4955726360339403
2.96753782575796,1.4499886105652828,1.4899875824275588
2.9707653597737007,1.492126444087831,1.4943509055575444
2.974000333965816,1.5343614145923372,1.4943509055575444
2.977527143355595,1.5779102820117916,1.4899875824275588
2.980950259127094,1.620178745775798,1.4899875824275588
2.9850219063621974,1.6629336668851638,1.4758504154864047
2.9890640395040426,1.7053786709864973,1.4758504154864047
2.992149102335802,1.74884298879143,1.4999359591639259
2.9950185045205857,1.7957572998154472,1.5097098029750944
2.997884463034742,1.8426153073223994,1.5097098029750944
2.999869185258088,1.8880729198046762,1.5271630954950375
3.001813524660767,1.9326056136302157,1.5271630954950375
3.0026124649653485,1.9783768730249545,1.5533430342749526
3.0034067301536607,2.0238802951879933,1.5533430342749526
3.0030227998121415,2.067874354766345,1.5795229730548677
3.0017746294767513,2.112007585677296,1.5990706606772047
3.0005233531942794,2.1562506377207247,1.5990706606772047
2.9975350544212547,2.1983516822212583,1.6416566944258655
2.9936129604759887,2.2400762723772645,1.6645205076269916
2.9882315360053564,2.2820267678357053,1.698379895115682
2.9828243413626296,2.324178152759993,1.698379895115682
2.9748588659939075,2.364703636448219,1.7648769396166655
2.9655520743107133,2.405209256093969,1.796641932002962
2.9546408768957093,2.4466528869194106,1.8282323914640592
2.9426878914171564,2.4866973183711902,1.8608700484763538
2.9297612628528706,2.5251969081537275,1.8947294359650435
2.9171784265014775,2.562672575952202,1.8947294359650435
2.9014496738837194,2.6000715267078913,1.9689059291748023
2.8854420650101194,2.638133526316442,1.9689059291748023
2.8664959896266904,2.6752212284203716,2.043082422384561
2.847077140636922,2.7132344038120215,2.043082422384561
2.826312994861848,2.7477917455940126,2.111848394913139
2.8052798866483246,2.782796716043838,2.111848394913139
2.7822248050764804,2.816030478795801,2.1772982418629256
2.7588292536230843,2.84975502685392,2.1772982418629256
2.7318130003424117,2.8832725318660164,2.249205807045092
2.705285719196729,2.9161833973927984,2.249205807045092
2.6782042458720974,2.9475465180300104,2.2830651945337816
2.648666178034887,2.9774059604608882,2.350783969511162
2.619931832002215,3.006452936582686,2.350783969511162
2.5894710208583707,3.0334023857805126,2.4172810140121457
2.5587563548432986,3.060576426796445,2.4172810140121457
2.5250797548964066,3.086539001884554,2.4848252560643265
2.492052383376103,3.1120010620215925,2.4848252560643265
2.4572439062154996,3.1353121053375923,2.5514968334905097
2.422287246547652,3.1587223856535074,2.5514968334905097
2.386517984922056,3.179482131112951,2.615724949963901
2.350788743257542,3.198631954362684,2.649584337452591
2.313444207404845,3.2173001071179197,2.6780332042600987
2.276697838937768,3.23566924209524,2.6780332042600987
2.237914747636269,3.2520359101288725,2.74226132073349
2.199557729226692,3.268222773166405,2.74226132073349
2.1585300681443282,3.2826547979532643,2.803347844553292
2.1186685577500386,3.296676613744741,2.803347844553292
2.0784497585306285,3.30797403461088,2.8677504939518825
2.0370301866551896,3.318301093745203,2.8972465583105866
1.996481756553898,3.3284109528407844,2.8972465583105866
1.9560684073045995,3.338487132497316,2.8972465583105866
1.9142154266202014,3.3446973020939152,2.994286864721471
1.8720012513463553,3.3509610659536033,2.994286864721471
1.830324068397492,3.3544241727995696,3.058689514120062
1.788890098147619,3.3578670702286963,3.058689514120062
1.7467065575166245,3.3586033866693126,3.124139361069849
1.7044372217312722,3.3593412006699186,3.124139361069849
1.6591896135604751,3.3573656474328266,3.185225884889651
1.6137074956090385,3.3553798552775906,3.185225884889651
1.5672660019460574,3.3510634327126443,3.2342696368706916
1.521502893910884,3.346810061501146,3.2342696368706916
1.477586371467841,3.3435465001385962,3.2157691467995515
1.432597898637845,3.3402032791019463,3.2157691467995515
1.387246006032434,3.338024871486186,3.189589208019637
1.340966860960107,3.3393418160239148,3.113143786782285
1.2945119134729013,3.34269619771738,3.069510555482427
1.2494009067358935,3.3459535372120395,3.069510555482427
1.2055613408842403,3.350607682216225,3.035825700918936
1.1603167725320378,3.355410986666718,3.035825700918936
1.1170751164922743,3.360383626925738,3.0270990546589647
1.0737958894376072,3.364886639447258,3.0379200960213293
1.030974341671397,3.3685878576970643,3.055373388541273
0.987346304114073,3.3716386272747996,3.0717794835100194
0.9444665334605458,3.37463707293347,3.0717794835100194
0.9033310771151277,3.3779178509132293,3.0620056396988513
0.8622345643842254,3.3811955229264017,3.0620056396988513
0.8213659359952659,3.3847279434279587,3.055373388541273
0.7811703716628717,3.388110324292019,3.0576423165688653
0.7422764472579225,3.390918745678071,3.069510555482427
0.703487492931964,3.393719587468614,3.069510555482427
0.6635029339016278,3.3944594058132944,3.1230921635186526
0.6259667191950216,3.3939287147246273,3.1557298205309467
0.5881886719137617,3.3922000092074835,3.1873202799920444
0.5503723291181025,3.390469551305773,3.1873202799920444
0.5090598964365476,3.3861711750564814,3.2452652111582556
0.4675486002308315,3.3818521079353716,3.2452652111582556
0.4277886262387196,3.3777643537734554,3.2440434806818597
0.3873254019311131,3.3736042978941234,3.2440434806818597
0.3474623310262027,3.370424999623254,3.221179667480734
0.3071388810612644,3.3672089836004333,3.221179667480734
0.2682977865667371,3.364962618526745,3.199363051830805
0.22963725188630538,3.362726696085155,3.199363051830805
0.1906968378872763,3.361115033698304,3.1829569568620584
0.1517048504942703,3.3595012367964157,3.1829569568620584
0.11252597417163526,3.3588173669663894,3.1590459461097358
0.07438257563876223,3.358151571468415,3.1590459461097358
0.03369177698949272,3.3582865077612554,3.1382765280110037
-0.006836627511377286,3.358420905532732,3.1382765280110037
-0.04758634640132309,3.3594879744755506,3.1154127148098776
-0.0881335206825638,3.3605497396011312,3.1154127148098776
-0.12830089111292448,3.362479116758814,3.0935960991599485
-0.16520394218242962,3.3646974171741912,3.081553327321188
-0.20250374818523742,3.366939567152351,3.081553327321188
-0.23959929348281325,3.3691694386983997,3.081553327321188
-0.2754454288183483,3.3721480228516096,3.058689514120062
-0.3111299179272595,3.3751131752391763,3.058689514120062
-0.34718590099038477,3.378350116132012,3.052057262962484
-0.38393924580567396,3.381649662966523,3.052057262962484
-0.41596379637513176,3.3837149851052817,3.077190004191202
-0.44848160406124665,3.385812118302276,3.077190004191202
-0.481103087244687,3.3880245882212847,3.073873878612413
-0.5155243421048552,3.3907335997298254,3.063052837250048
-0.5497696741643824,3.3934648525543234,3.0620056396988513
-0.5836431288695154,3.395833515251366,3.0717794835100194
-0.6172215340076952,3.397669690350802,3.08696384800237
-0.6525957492893396,3.39909664957124,3.1012755478687235
-0.6880744961117636,3.4003727946485505,3.1056388709987095
-0.7229460467863108,3.4018221519857876,3.1000538173923275
-0.7580568725962739,3.403625365448301,3.0902799735811595
-0.7946479988844019,3.4058249155746902,3.081553327321188
-0.831379301655102,3.4080328919298193,3.081553327321188
-0.8667311465911327,3.410895864632772,3.0607839092224554
-0.9025774870600641,3.413798884105985,3.0607839092224554
-0.9389932585336203,3.4167480190061412,3.0607839092224554
-0.9759967571289971,3.419134442656172,3.077190004191202
-1.013479037784599,3.4215517438414387,3.077190004191202
-1.0502912531897024,3.423925831286882,3.077190004191202
-1.088512768029741,3.426056054022528,3.0859166504511735
-1.126025973510597,3.428146800125521,3.0859166504511735
-1.1640117722392649,3.430263885552986,3.0859166504511735
-1.201690159097077,3.4323638378092713,3.0859166504511735
-1.2402864017832156,3.4345149454779396,3.0859166504511735
-1.279111427045046,3.4366380226261057,3.08696384800237
-1.3174861735197527,3.4387364770831907,3.08696384800237
-1.3553974537080133,3.4408095877143525,3.08696384800237
-1.3941737611126255,3.44301146601824,3.084869452899977
-1.4332005468597855,3.445227567513167,3.084869452899977
-1.4717951211752496,3.447459675153397,3.0838222553487804
-1.5115414554427842,3.449758394545002,3.0838222553487804
-1.5494095434251536,3.452034704846354,3.081553327321188
-1.5886670819931705,3.454394537206776,3.081553327321188
-1.6270622135057133,3.456742884051106,3.080506129769991
-1.6657169005272148,3.45923579587821,3.077190004191202
-1.7035676215421556,3.4617564734121204,3.075095609088809
-1.7424674364342507,3.4643947553633057,3.073873878612413
-1.781540744702759,3.467044804065693,3.073873878612413
-1.8202621099781018,3.4696709831211607,3.073873878612413
-1.8581495255141014,3.472446612822964,3.0684633579312304
-1.8959525661493786,3.475216061224797,3.0684633579312304
-1.9324954336337348,3.478535292034234,3.051010065411287
-1.968892381905688,3.482444279839471,3.0346039704425403
-2.007361003022067,3.4870381948389757,3.0227357315289787
-2.045310621729712,3.491865996113101,3.0150562828202037
-2.083790409256998,3.4967612433798383,3.0150562828202037
-2.1210017910767243,3.501785806415233,3.0073768341114286
-2.1596028568925623,3.5069980151250504,3.0073768341114286
-2.19906281410384,3.512284128020842,3.008424031662625
-2.239224851222753,3.5176642925557107,3.008424031662625
-2.2791597220153164,3.5230140255611992,3.008424031662625
-2.318700663512141,3.528310987228922,3.008424031662625
-2.3580730007516792,3.5335853624266704,3.008424031662625
-2.397758315268956,3.5389016645128617,3.008424031662625
-2.4386993032314965,3.5443861784284874,3.008424031662625
-2.4797742324517538,3.5498886353085695,3.008424031662625
-2.5206209204125556,3.5553605166596793,3.008424031662625
-2.5615055936710815,3.5608374865761685,3.008424031662625
-2.6021152763147035,3.566320913966175,3.0073768341114286
-2.6427208200512124,3.5718037824895474,3.0073768341114286
-2.683610907310234,3.5773250722376977,3.0073768341114286
-2.7243611742676346,3.5828274823881343,3.0073768341114286
-2.766305163723735,3.588491078005172,3.0073768341114286
-2.80828439663934,3.594159432461447,3.0073768341114286
-2.8506596609004897,3.5998812620740415,3.0073768341114286
-2.8899329919773966,3.6051842451387888,3.0073768341114286
-2.9293481738582776,3.6105063819750796,3.0073768341114286
-2.9684255369681916,3.615782903958434,3.0073768341114286
-3.0066575754765736,3.62094528380199,3.0073768341114286
-3.0442934601882388,3.6260271664378663,3.0073768341114286
-3.082994305915669,3.6312528481882143,3.0073768341114286
-3.1205585974490484,3.6363250637700975,3.0073768341114286
-3.156948019143568,3.6412386395145155,3.0073768341114286
-3.1928791970458463,3.6460903397061566,3.0073768341114286
-3.2289414377183645,3.650959736987195,3.0073768341114286
-3.2653360821061574,3.655874017939275,3.0073768341114286
-3.301529343914893,3.660761106687969,3.0073768341114286
-3.3378640540312263,3.665667294860093,3.0073768341114286
-3.3739973785098023,3.670546290415822,3.0073768341114286
-3.4109828626449463,3.675540351032327,3.0073768341114286
-3.44760624272558,3.680485517612699,3.0073768341114286
-3.4710052395074076,3.683645027648227,3.0073768341114286
-3.4944861310727857,3.6868155957386324,3.0073768341114286
-3.5179064970831053,3.689977991209485,3.0073768341114286
-3.5334802746947354,3.692080880795471,3.0073768341114286
-3.542703805612053,3.693326311903821,3.0073768341114286
-3.551956917119374,3.694575737207813,3.0073768341114286
-3.555465391103026,3.6950494779781584,3.0073768341114286
-3.558921042715234,3.6955160862712346,3.0073768341114286
-3.5589447068963085,3.695519281588465,3.0073768341114286
-3.5589683503905585,3.695522474112403,3.0073768341114286
